{"81KBA452":0.71652255171844,"45VMQ024":6.39863041034008,"40PLG230":0.72709738110636,"24OGE654":0.67091600707372,"42PNS895":0.14582312710285,"80SJS081":0.35744871761798,"40KNC537":2.72668315582014,"83SJL133":5.32887356050904,"06KSQ034":11.29752208206126,"48SYR235":2.01716670439116,"81MXM935":2.34571248801657,"89AWN952":1.10406840814352,"22HFF059":1.68591583424353,"00ABZ916":2.56992066507737,"05IWX071":0.89419203643403,"63KHP592":1.28217508184372,"48RIN046":0.0320705974509,"48WUW875":0.99128134834691,"89VCL695":4.13324542375032,"02TCG894":1.41162565980842,"61OPV738":1.49090024906396,"63LVW497":0.53137402777671,"26AEK630":0.01524755846246}